trend_id,trend_name,n_keywords,n_videos,total_composite_score,avg_composite_score,max_composite_score,avg_keyword_score,trend_strength,top_keywords,all_keywords,rank
126,short + beautiful + foryou,277,213,49.60891653249201,0.17909356148914082,0.5734514178063418,0.8949537131318058,2.9418713284509073,"short, beautiful, foryou, long lasting, girls","give, amazing, proper, happy my client, boyfriend, arrived, favourite, rid, unbelievable, full works, works, full, boys, longer, girl, long time, ready, howto, long lasting, accidentally, time, beautiful, gorgeous, choose ahhhhhh, ahhhhhh, ends, choose, part, don t forget, stay burn, cool, dream, girls, foryou, don t mind, don, wow excellent, suggestions just leave, hmmm idk, idk i looovee, long to short, starting, reality, real, team, pick, wow, waiting, embarrassed hahahaha plz, embarrassed hahahaha, hahahaha plz, humor, sharing my experiences, found, short, team on info, makes you feel, don t wait, wait catch, wrong, nbs, extra, home, step by step, women, quick, super happy client, super happy, happy client, quick and easy, flawless, size, ready to start, gonna, fav, perfect, relationship, put, favorite, worth, fave, times, leave, house, god bless, check, baby, edit, important, approved, long, minutes, favvv, results, ohhh, hooked, lasting, lol, expensive, relationship long term, relationship long, long term, didn, work, happy, thatgirl, classic, mom, life, back, update, imagine, placement, free, minutes enjoy, easy step, girls don, dreams luck, luck, hour, true, remove, episode, research, girls just wanna, wanna, prefer, glad, cute, good, ditto, hot girl, hot, cute open, boy, simple and easy, minute instant, minute, refresh, preppyyyy, sotd, latest blog post, latest, length, man, forcing my brother, brother, stop guessing, stop, guessing, simple steps, choice, ladies, doesn t matter, perfect as long, doesn, fun, give me fan, huge give, don t genuinely, girly, girls best friend, friend, perfected, call, fits, earlier, black women, reason, perfectly, realistic",1
122,makeup + makeup products + makeup brands,153,125,26.801204270726018,0.1751712697433073,0.4590960247615752,0.9404807294336162,2.67885554983167,"makeup, makeup products, makeup brands, brand makeup, easy makeup","makeup, lasting makeup, beauty products makeup, makeup artists, products makeup, makeup long lasting, makeup long, quick natural makeup, natural makeup, professional makeup, makeup brands, subtle makeup, flawless makeup, end makeup, makeup products, full makeup, beauty makeup diy, top makeup products, top makeup, affordable makeup products, beautiful makeup products, makeup beautiful makeup, beautiful makeup, makeup beautiful, professional makeup artist, makeup artist makeup, makeup artist, fresh makeup, quick makeup, easy makeup, favourite makeup products, favourite makeup, makeup natural, brand makeup, beauty makeup products, beauty makeup",2
139,hair + long hair + hair hair,121,114,19.726568908800505,0.16302949511405376,0.4552015584778669,0.8951355629745714,2.6063109169477565,"hair, long hair, hair hair, hair long hair, short hair long","hair, hair hair, hair long hair, short hair long, existance short hair, feather hair, hair at home, short hair, long hair, bald hair, big hair",3
136,hairstyle + haircut + hairstyles,101,75,15.917077991281865,0.15759483159685014,0.3980441993913058,0.94815312862016,2.431699692646047,"hairstyle, haircut, hairstyles, hair style, hair styling","haircut, hairstyle, hairstyles, hair style, hairstyled, style and hair, hairstyle with hair, style my hair, hair styling, short hair styling, haircut w design, cool hairstyle, simple hair cut, hair cut, cut hair hairstyle, hair hairstyle haircut, hairstyle haircut hair, hair cut hair, hairstyle haircut, hair styles king, hair styles, advanced hair cut, aesthetic hairstyles, guessing best hairstyle, hair styling cut",4
61,skincare + skin care + skincare routine,75,64,13.306050391490606,0.17741400521987474,0.456285129645088,0.9581188373169118,2.347676211016233,"skincare, skin care, skincare routine, skin care routine, women skin care","skincare routine morning, routÄ±ne skincare routine, morning skin care, skincare, skincare routine, skincareproducts, basic skincare routine, basic skincare, skincare line, skin care routine, skin care challenge, skin care, skincare hey guys, women skin care, skin care clinic, skincare specially formulated, skincare disclaimer, skincare brand, market my skincare, skincareforacne, morning skincare routine, morning skincare, skin care routines",5
82,glow + glowup + glowingskin,93,58,15.36710698298285,0.16523770949443925,0.456285129645088,0.9476965295832429,2.324455074554269,"glow, glowup, glowingskin, glowy, glowing skin","glowing skin anti, glowup, glowup tip, glowy face, glowy, glow up tips, glow, glowingskin, glowing skin secrets, glowing skin, glowing, god s glow, glow primer, london glow, glowymakeup, glowuptips, nbs extra glow, extra glow terbaru, extra glow, london glow face, glow face, pretty glow, sun kissed glow, kissed glow, glow professional, glowuptipsforgirls, youthful glow, glow with anti, glow up tip, elf halo glow, glow no confidence, step glow, glow routine, natural glow expert, glowy skin, glow goals, wishful yo glow, low skin fade, golden hour glow, hour glow, glowingskin glowing skin, glowing skin glowing, glow up fast, body glow, face glowing skin, glowing skin doublechin, minute instant glow, instant glow flawless, instant glow, perfect kissable glow, wanna pinkish glow, pinkish glow, skinlightening, helped me glow",6
119,shortvideo + youtube + video,67,55,10.599594370845757,0.15820290105739937,0.5382504757306901,0.9463963041671744,2.2688315779623256,"shortvideo, youtube, video, guys this youtube, watch this video","youtube, shortvideo, video today introducing, shotsvideo, youtube channel, post more videos, videos, full video, video of clips, paying attention, video, video god bless, watch video, guys this youtube, video and read, watching this video, short video, video so plz, brand new video, video get ready, watch full video, watching, watch this video, watch",7
108,beauty + feeling beautiful part + beauty setting,56,53,9.769951681470856,0.17446342288340813,0.4662954859756169,0.9301487283745603,2.238267517949099,"beauty, feeling beautiful part, beauty setting, royal beauty, beauty mate","beauty, feeling beautiful part, beauty setting, royal beauty, beauty mate, rare beauty part, beauty part, beauty fast, lys beauty, beauty secrets part, envy beauty",8
123,makeup tutorial + makeup routine + makeup tutorial beauty,50,30,10.118776103698451,0.20237552207396903,0.4517869130850827,0.9884041398546638,2.0251709296596148,"makeup tutorial, makeup routine, makeup tutorial beauty, artist makeup tutorial, guest makeup tutorial","tutorials nikah makeup, lasting makeup tutorial, makeup tutorial, chauth makeup tutorial, eyes makeup tutorial, professional makeup tutorial, makeup tutorial beauty, makeup for beginners, step makeup tutorial, guest makeup tutorial, full makeup tutorial, makeup tutorial makeup, makeup tutorial aiman, artist makeup tutorial, makeup tutorial content, makeup tutorial easy, tutorial makeup routine, makeup makeup tutorials, makeup challenge tutorial, makeup makeup routines, day makeup tutorial, makeup routine, everyday makeup, brand makeup tutorial, makeup tutorial fashion, tutorial makeup natural, makeup makeup tutorial, makeup tutorial specially, daily beginner makeup, beginner makeup",9
134,hair colour + hair color + haircolor,41,33,6.646059725248501,0.16209901768898785,0.4552015584778669,0.9594470503036012,2.024830287042218,"hair colour, hair color, haircolor, hair dye, dyed my hair","dyed my hair, hair color, haircolor, hair colour, red hair dye, hair dye, hair colour hair, colour hair, haircut hair colors, hair colors change, hair color change, hair hair colour, dyes my hair",10
106,blush + blush technique + blushhacks,55,31,7.490385566273211,0.13618882847769476,0.2538158466159996,0.948333104858967,2.0193527997085075,"blush, blush technique, blushhacks, natural blush, blushhack","boyfriend blush, blush has arrived, blush, bhatt blush technique, blush technique, prettiest blush, blush challenge, blushing, long lasting blush, apply blush, lasting blush, natural blush technique, blush technique challenge, natural blush, major blush girls, blush girls, major blush, blushhack, blush beauty, beauty of blush, blushhacks, blush in secret, experiencing blush, bold blurring blush, blush bold blurring, huda beauty blush, blush huda beauty, beauty blush huda, fav blush",11
37,style + styling + styles,40,32,8.1228885159594,0.20307221289898497,0.4428324042655155,0.9068173441894029,2.012245363964599,"style, styling, styles, style quot, styles natural","styling, style, style quot, styles natural, styles, styling routine timed, styling routine, styled this beautiful, casual style, styling a classic, styles cute, styling big, styles king, locstyles, styles make, date styling ablack",12
14,contour + contouring + contour your face,55,27,8.851923807482429,0.16094406922695326,0.3732500561277062,0.9538026073819658,1.9744607153880758,"contour, contouring, contour your face, perfect contour, contour kese","semi permanent contour, shape tape contour, contour technique, beginners easy contouring, easy contouring bronzing, nosecontouring, contour, hacks forehead contouring, contouring, nose contour, contourhack, cheekbones hunnies contouring, perfect contour, perfect contour toturial, contour toturial, lifting contour hack, face lifting contour, contour face lifting, contour hack, lifting contour, contour face, contour your face, contouryourface, contourtutorial, contour karne, contour kese, howtocontour, facecontour, face contour tips, face contour, contour tips, contour a push",13
92,nykaa + mua + dhinaammu,46,26,8.608581217891622,0.1871430699541657,0.4458200463153595,0.958395761131983,1.9511715797853837,"nykaa, mua, dhinaammu, kya apko accha, saffron pengangkat daki","dhinaammu, kya loge tum, meri zindagi, nykaa, kaise karte hain, rakhi, barang sama tapi, sabun muka pria, sama tapi harga, tapi harga beda, harga beda kahf, kajal super, kukreja, hera, karur, aapko pasand aaye, kare, tatyana, kamakazi, dari mua asal, kalian yan sedang, yan sedang berjuang, berjuang bisa tercapai, badan saffron pengangkat, saffron pengangkat daki, pengangkat daki dan, kese karte hai, sahi tarika, karte hai, kese karte, tarika, kya apko accha, apko accha laga, kya apko, apko accha, mua, priya avanish hey, priya avanish, ini hasilnya coba, minyak sama pria, kasih minyak sama, sama pria",14
53,transformation + transformation sahil + transform,36,29,5.171249769528993,0.1436458269313609,0.3579444154226699,0.9102753202447283,1.9467195560576385,"transformation, transformation sahil, transform, creative magic transforming, experience the transformation","transformation sahil, transformation from long, transformation with prfm, transformation, extensions transformation, transformation i don, transformations are insane, transformation est choquante, woaww la transformation, transformation est, transform, transformation wanna, embracing change, mind blowing transformation, transformations formula, experience the transformation, creative magic transforming, magic transforming everyday",15
110,lipstick + lip gloss + red lipstick,36,27,5.877375884369628,0.16326044123248967,0.4163679360872625,0.9469877653247638,1.9323492807692038,"lipstick, lip gloss, red lipstick, lipstick affordable lipstick, abh lip gloss","red lipstick, lipstick, lip gloss, lip liner gloss, pink lipstick, lustrous colour lipstick, lipstick gloss, gel lip liner, lipstick red lipstick, lipstick mauve lipstick, lipstick affordable lipstick, red lipstick makeup, color lipstick style, lipstick style, color lipstick, abh lip gloss, lip liner",16
55,grwm + fit grwm + grwm super easy,31,25,6.027987729782035,0.19445121708974308,0.4049429571335293,0.9501820205932785,1.8981839747341442,"grwm, fit grwm, grwm super easy, grwm super, grwm for christmas","grwm, fit grwm, grwm super easy, grwm super, grwm for christmas, grwm for shopping, grwm for school, grwm for girls, set grwm jhanvi",17
121,color + colour + red,28,27,4.7754693334330485,0.17055247619403743,0.4552015584778669,0.8718036164577967,1.8951378532184997,"color, colour, red, pink, black","red, red color, pink, color, white, purple, colors, colour, black, grey",18
28,amp + amp beauty + beauty amp beauty,37,24,6.563451628067716,0.1773905845423707,0.5801745420255342,0.9473127177099235,1.8939886648246151,"amp, amp beauty, beauty amp beauty, amp styles, cut amp","beauty amp beauty, beauty amp, amp beauty, divine amp feminine, divine amp, amp, girly aesthetic amp, amp attractive, myntra classy amp, classy amp, dark amp, amp don, mousse amp, chic amp classy, chic amp, amp classy, fair amp, amp non damaging, myntra college amp, style amp beauty, cut amp, amp sexy jawline, lines here amp, pearl amp beauty, pearl amp, amp styles, mirage amp, amp infinit, amp bright style, chic amp bossy, kiss beauty amp, beauty amp fit, amp fit",19
138,haircare + hair care + care hair care,29,25,4.292399288041594,0.1480137685531584,0.3628039634041482,0.9590588023963901,1.8795742444200338,"haircare, hair care, care hair care, hair hair care, hair care hair","care hair care, hair care, hair hair care, hair care hair, care hair, haircare, hair care version",20
86,selena gomez + katrina kaif + hailey,33,20,7.429444901954042,0.22513469399860733,0.5734514178063418,0.9391491862314583,1.8258152729968593,"selena gomez, katrina kaif, hailey, rihanna, kyliejenner","selena gomez, danielle marcan, kylie jenner, katrina kaif, corny collins, back mariah carey, back mariah, mariah carey, haileybieber, hailey, sarah, kylie, rihanna, kyliecosmetic, kim kardashian, kim, kyliejenner, ready with selena, rachel, hailey bieber, time with hailey, actress and corrie, corrie star, michelle keegan, michelle order, mikey madison, mikey, jennifer",21
124,highlights + highlighter + highlight highlight,29,22,3.623168940261121,0.12493686000900418,0.2535236284153574,0.9390730809719254,1.8196130987349617,"highlights, highlighter, highlight highlight, highlight, color highlights","highlighter, highlights, highlight highlight, highlight, color highlights, highlights make, apply perfect highlighter, perfect highlighter, colour highlights professional, colour highlights, apply highlighter barsaat, apply highlighter, colour highlightening, purple highlights",22
114,wigs + wig + unique braids wigs,28,19,4.598394319742293,0.16422836856222475,0.4148185725769092,0.9316790530044835,1.770626813589808,"wigs, wig, unique braids wigs, lace front wig, inch wig","wig, wigs, unique braids wigs, lace front wig, inch wig, wig on tall, hair wig hair, human hair wigs, human hair wig, hair wig honey, stunning wig styles, styling stunning wig, stunning wig, wig styles, realistic wig",23
130,hair transformation + hair cut transformation + hair extensions transformation,26,19,3.8905079409969963,0.1496349208075768,0.3579444154226699,0.9775813285041617,1.7682833379651348,"hair transformation, hair cut transformation, hair extensions transformation, hair transformations, hair transformations formula","hair cut transformation, transformation hair cut, hair transformation haircare, transformation haircare tips, hair transformation, transformation haircare, amazing hair transformation, hairs transform, drastic hair transformations, treatment hairtransformation, hair extensions transformation, customers hair transformations, hair treatment transformation, hair transformation wanna, hairs transformation, hair transformations formula, hair transformations, hairbotoxtreatment best transformation",24
128,longhair + thinhair + humanhair,21,20,3.2833349289759504,0.15634928233218812,0.3468426747736844,0.953846604661122,1.764587326057082,"longhair, thinhair, humanhair, shorthair, damagedhair","damagedhair, thinhair, bluehair, humanhair, shorthair, ghdhair, blondehair, big sexyhair, longhair, blonde human hair, easyhair, bighair, newhair",25
48,perfume + fragrance + smell sexy wearing,28,18,5.252865379062516,0.18760233496651843,0.3363822108685643,0.9571037199513226,1.7622066191454435,"perfume, fragrance, smell sexy wearing, bless the cologne, makeup fragrance","smell sexy wearing, smell sexy, fruity fragrance, smells amazing, perfume makes guys, perfume makes, perfume, fragrances, smell good attractive, acqua luxury perfumes, suggestions fragrance free, fragrance, full fit scent, fave perfume, ring perfume plz, ring perfume, perfume plz, makeup fragrance outfit, makeup fragrance, bless the cologne, perfume quieres",26
38,bronzer + bronzer stick + nars laguna bronzwr,35,17,4.7965893527882395,0.13704541007966398,0.2253680273853994,0.9633566503321138,1.7482855500943988,"bronzer, bronzer stick, nars laguna bronzwr, bronze color, mercier bronze","bronzer, nars laguna bronzwr, summer nars bronzer, bronzer nars laguna, nars laguna, fav bronzer, hoola bronzer, bronzer spicy season, kiss bronzer spicy, kiss bronzer, bronzer spicy, pretty bronzer, bronzer for fair, bronze, cream bronzer stick, limits cream bronzer, bronzer stick, cream bronzer, liebe bronzer, hoola matte bronzer, star bronzer deep, cover star bronzer, mercier bronze color, mercier bronze, bronze color, check with bronzer",27
83,products + brand + brands,20,19,3.0665523792245013,0.15332761896122507,0.3983493083025631,0.8929840231924029,1.727340243520787,"products, brand, brands, brand mac, make your brand","products, brand mac, make your brand, brand, brands series, afford a brand, brands, brand products, products one brand",28
46,foundation + flawless foundation base + flawless foundation,22,18,3.9026729460810565,0.1773942248218662,0.4466409050444055,0.9128289956220592,1.7271090798304627,"foundation, flawless foundation base, flawless foundation, foundation base, foundation work","foundation, flawless foundation base, flawless foundation, foundation base, foundation work, cream foundation full, foundation revolution pro, par foundation kaise, par foundation",29
39,tips + tips advice + editing tips,20,18,4.087783917853354,0.2043891958926677,0.4590960247615752,0.9023608586546417,1.724016765937647,"tips, tips advice, editing tips, tip, tips at home","tips, tips advice, editing tips, tip, tips at home, covers essential tips, tips and tricks, tricks, tips that helped",30
115,wedding guest makeup + bridal makeup + bridal makeup bridal,32,15,6.129041415695225,0.19153254424047578,0.3114094855424094,0.9962821193977457,1.7154024321942523,"wedding guest makeup, bridal makeup, bridal makeup bridal, makeup bridal makeup, bridal makeup test","bridal makeup test, bridal makeup bridal, bridal makeup party, makeup engagement makeup, engagement makeup engagement, engagement makeup makeup, engagement makeup, bridal makeup engagement, makeup engagement bridal, engagement bridal makeup, bridal makeup sliss, nikah makeup bridal, makeup bridal makeup, products wedding makeup, wedding guest makeup, bridal makeup step, bridal makeup, bridal makeup pre, makeup pre bridal, pre bridal makeup, makeup bridal bridal, beginners bridal makeup, lasting bridal makeup",31
112,eyeliner + mascara + lashes,23,17,3.277566200567082,0.1425028782855253,0.3518819200747949,0.9356262256528818,1.7038301948094945,"eyeliner, mascara, lashes, eye lashes product, lashes product makeup","eyeliner, lashes, mascara, eye lashes product, lashes product makeup, eye lashes, lashes product, pass the mascara, wing eyeliner, mascara no eyeliner, eyeliner simple, simple eyeliner",32
12,powder + setting powder + attractive powder,25,16,4.295987992867965,0.17183951971471859,0.2831491357497503,0.9320132757915671,1.6970495024973637,"powder, setting powder, attractive powder, height powder height, powder height powder","attractive powder, setting powder, powder, height powder height, powder height powder, height powder, powder height, translucent loose powder, powder play, powder transition challenge, powder transition, flour setting powder, rose powder, pink powder",33
50,outfit + wear + street outfit,26,15,5.8406914348916565,0.2246419782650637,0.4112784086233115,0.9400997487825369,1.694031718732372,"outfit, wear, street outfit, outfit fashion inspo, wearing","wear, accessories dressing outfits, latest outfits information, dressing outfits personality, fashion latest outfits, outfit, stop wearing, wearing the wrong, street outfit, fashion inspo idea, outfit fashion inspo, inspo fall outfit, fall outfit fashion, fall fashion inspo, fashion inspo fall, fashion inspo, wearing, outfitinspo dress",34
99,mask + face mask + mask beauty,27,16,3.6962771865832806,0.13689915505864003,0.2981174853999739,0.9130746217006617,1.6901904594977313,"mask, face mask, mask beauty, simple mask, attractive mask make","mask beauty, face mask, mask, simple mask, attractive mask make, face mask royal, mask royal beauty, mask royal, maskoff, sheet masks instantly, masks instantly, facial mask",35
76,face + full face + faced,19,16,3.4056440365363643,0.17924442297559812,0.4662954859756169,0.8662228239942259,1.6598764566694102,"face, full face, faced, half face, face of lys","face, faced, full face, half face, face of lys",36
100,grooming + grooming tips + beauty grooming tips,40,12,6.238803331593667,0.1559700832898417,0.4031908678156223,0.984676485730474,1.6410632717880929,"grooming, grooming tips, beauty grooming tips, men s grooming, girls grooming tips","attractive grooming tips, attractive grooming, grooming tips, tips skincare grooming, grooming tips fitness, grooming tips wellness, grooming health fitness, men s grooming, girls grooming tips, grooming tips grooming, tips grooming tips, school girls grooming, college girls grooming, grooming, beauty grooming tips, grooming hair tips, learn beauty grooming, grooming body care, beauty grooming, grooming ideas, winter grooming tips, grooming tips winter, tips winter grooming, gym grooming routine, gym grooming, grooming routine, easy grooming tips, grooming tips girls, grooming tips fashion, tips easy grooming, products grooming tips, male grooming tips",37
17,ombre + ombrÃ© synthetic + ombrÃ©,19,15,2.2790588614143594,0.11995046639022944,0.2040266051278926,0.9568253270166364,1.6359589215717074,"ombre, ombrÃ© synthetic, ombrÃ©, ombrÃ© powder brows, powder brows ombrÃ©","ombre, ombrÃ© synthetic, ombrÃ©, ombrÃ© powder brows, powder brows ombrÃ©, brows ombrÃ© powder, ombrÃ© powder, powder brows, oriflame powder eile",38
54,naturalmakeuplook + summermakeup + nomakeup,16,14,2.4537680022840593,0.1533605001427537,0.4239296555008358,0.9556988772881172,1.6036893403469552,"naturalmakeuplook, summermakeup, nomakeup, easymakeup, menmakeup","nomakeup, easymakeup, menmakeup, nomakeupmakeuplook, naturalmakeuplook, poresskinmakeup, asokamakeup, summermakeup, highendmakeup, basemakeup, creammakeup, hdmakeuplook, newmakeup, eidmakeup",39
40,cream + lakme cc cream + indulgent hand cream,19,13,3.308255596923009,0.1741187156275268,0.3252834001064993,0.9536979863364313,1.598171371157047,"cream, lakme cc cream, indulgent hand cream, half cast whitening, whitening injection cream","indulgent hand cream, cream, half cast whitening, lakme cc cream, whitening injection cream, fast whitening injection, injection cream, fast whitening, whitening injection, limits cream, rcma cream, ghee cream, quirky bb cream, pump shop cream, ponds bb cream",40
65,hack + hacks + wow excellent hack,14,14,2.557257905390567,0.18266127895646905,0.3468426747736844,0.9329169312013162,1.595406870478309,"hack, hacks, wow excellent hack, hack tricks, life changing hacks","wow excellent hack, hack, hack tricks, hacks, life changing hacks",41
42,concealer + concealerhacks + wear concealer,20,12,2.6832584067984637,0.1341629203399232,0.2374348111847851,0.9427120748923568,1.5592232778374053,"concealer, concealerhacks, wear concealer, skin concealer, concealer hack","concealer, wear concealer, concealerhacks, skin concealer, concealer hack, concealer beauty products, concealer beauty, active wear concealer, spotless liquid concealer, liquid concealer",42
2,discover waterproof sweat + waterproof sweat proof + discover waterproof,25,10,3.6142509697208274,0.1445700387888331,0.3098697282621343,0.9816363393479679,1.52466604242774,"discover waterproof sweat, waterproof sweat proof, discover waterproof, waterproof sweat, sweat proof","lasting waterproof engagement, long lasting waterproof, full waterproof, discover waterproof sweat, waterproof sweat proof, discover waterproof, waterproof sweat, sweat proof, sweat proof long, waterproof base technique, easy waterproof abs, waterproof abs body, waterproofbase, waterproof",43
103,salon + rated salon + hair villa salon,17,11,2.1684916001557832,0.12755832942092843,0.2055239154601272,0.963021015866326,1.5138715377043603,"salon, rated salon, hair villa salon, paris salon, salon professional trained","rated salon, hair villa salon, salon, paris salon, salon professional trained, professional trained salon, showstopper salon, salon book, hairgenix salon delhi, hairgenix salon, salon delhi, hair salon, provide full salon, full salon services, salon chakwal",44
137,hair extensions + extensions feather hair + hair extensions hair,14,11,2.465731879482277,0.1761237056773055,0.3642328370107706,0.9695253198054942,1.5115098556897117,"hair extensions, extensions feather hair, hair extensions hair, extensions hair, cordless hair","hair extensions, extensions feather hair, hair extensions hair, extensions hair, cordless hair, permanent hair extension, hair extension",45
116,makeuptransformation + makeup transformation + unbelievable makeup transformation,11,11,1.9888310075372044,0.18080281886701857,0.3701434283388992,0.9694043596904053,1.490575042492187,"makeuptransformation, makeup transformation, unbelievable makeup transformation, stunning makeup transformation, transform your makeup","makeup transformation, makeuptransformation, unbelievable makeup transformation, stunning makeup transformation, transform your makeup",46
133,hair colour transformation + hair color transformation + hair color transformations,11,11,1.774291642930124,0.1612992402663749,0.3579444154226699,0.9910993723619218,1.4890629714462973,"hair colour transformation, hair color transformation, hair color transformations, colour hair transformation, hair dye transformation","hair color transformation, hair color transformations, colour hair transformation, hair colour transformation, hair dye transformation, red hair transformations",47
96,reveal + secret + secrets,11,11,2.293561597161727,0.2085055997419752,0.3931700458078127,0.8516533906670102,1.4753356829499948,"reveal, secret, secrets, secrets revealed, secrets part","secret, secrets, secrets revealed, reveal, secrets part, wait to reveal, secret my morning",48
21,serum + changing serum formula + game changing serum,14,10,2.304908099972759,0.16463629285519707,0.2256613439430009,0.9445915964696742,1.4682723363800632,"serum, changing serum formula, game changing serum, good serum buy, good serum","serum, changing serum formula, game changing serum, good serum buy, good serum, serum buy, growth serum, correcting serum advanced, serum achieve naturally",49
15,routine + daily routine professional + daily routines,12,10,2.2705699768755734,0.18921416473963112,0.3040844477593318,0.9236151890986687,1.457140332107125,"routine, daily routine professional, daily routines, routine timed, routine worth","daily routine professional, routine, daily routines, routine timed, routine worth, routine for working, wach day routine, day routine",50
129,hair growth + hairgrowth + anti hair loss,13,9,3.3845590869403424,0.26035069899541097,0.421281891684902,0.9645489460666175,1.4559547690710912,"hair growth, hairgrowth, anti hair loss, hair loss scalp, hair growth tips","anti hair loss, hair loss scalp, hair growth tips, hair growth, hairgrowth, increase your hair, hair growth journey, bald hair growth, hair growth routine, hair problems",51
41,body lotion + bliss body lotion + whitening body lotion,20,9,2.36117405028032,0.118058702514016,0.2148216769612692,0.9661493342584272,1.454133758575851,"body lotion, bliss body lotion, whitening body lotion, moisturizer put moisturizer, fruit body lotion","bliss body lotion, whitening body lotion, body lotion, moisturizer put moisturizer, fruit body lotion, moisturizer, body lotion madame, lotion madame, importance of moisturizers, moisturizers, lotion, lotion yang terbukti, body lotion yang, memutihkan body lotion, lotion yang, body treat lotion",52
80,face yoga + face tightening yoga + facial yoga anti,15,8,3.1778969270617727,0.2118597951374515,0.3822435919587796,0.9877571939414339,1.4172580804879884,"face yoga, face tightening yoga, facial yoga anti, face yoga exercises, fitness facial yoga","face yoga exercises, face yoga, fitness facial yoga, yoga face fitness, face tightening yoga, facial yoga anti, face yoga vibhuti, challange face yoga, lifting facial yoga",53
29,vlog + minivlog + vlogs long lasting,9,9,1.7069144970282182,0.18965716633646867,0.4810332178226654,0.9627626000425702,1.4007422164064778,"vlog, minivlog, vlogs long lasting, sandhu vlogs, vlog supporting","vlog, minivlog, vlogs long lasting, sandhu vlogs, vlog supporting, vlog finishing",54
20,natural + natural vs defined + naturallooking,12,9,2.0266261051246315,0.16888550876038597,0.2392210462114843,0.8409589029952701,1.396386406170942,"natural, natural vs defined, naturallooking, quick natural, check natural","natural vs defined, natural, naturallooking, quick natural, check natural",55
107,huda beauty + hudabeauty huda beauty + huda beauty mate,13,8,2.0907914014804803,0.16083010780619078,0.4459839921139052,0.9912998808440692,1.3893045724066848,"huda beauty, hudabeauty huda beauty, huda beauty mate, beautyhack, weekly beauty routines","huda beauty mate, hudabeauty huda beauty, huda beauty, beautyhack, weekly beauty routines, weekly beauty, batman huda beauty, huda beauty insta, beauty show hunny, beauty huda beauty",56
73,bridal + bridal reception makeover + pre bridal packages,13,8,2.2585100255039565,0.17373154042338126,0.3114094855424094,0.9565343036465974,1.3862218867523477,"bridal, bridal reception makeover, pre bridal packages, pre bridal pre, pre bridal services","bridal, bridal reception makeover, pre bridal packages, pre bridal pre, pre bridal services, pre bridal, bridal services, book your bridal, bridal and pre, lasting bridal",57
113,beauty products + int products beauty + beauty products dior,11,8,1.844784562870177,0.16770768753365245,0.2661814131640666,0.9783974737919913,1.373372296931782,"beauty products, int products beauty, beauty products dior, products dior beauty, beauty products cute","beauty products, int products beauty, beauty products dior, products dior beauty, beauty products cute, beautyproducts",58
89,tutorial + full video tutorial + video tutorial,11,8,1.853719026984094,0.16851991154400855,0.267929502029308,0.9755974501420872,1.373055959404908,"tutorial, full video tutorial, video tutorial, full youtube tutorial, tutorial in description","tutorial, full video tutorial, video tutorial, full youtube tutorial, tutorial in description, tutorial full details, full tutorial full, tutorial easy everyday, tutorial covers essential",59
97,lasting indian bridal + indian wedding guest + indian bridal makeup,19,7,2.6716612467579512,0.14061374982936586,0.3094950215142502,0.9853018877010086,1.3705943465163448,"lasting indian bridal, indian wedding guest, indian bridal makeup, indianwedding credits bride, indian bridal reception","indian wedding guest, indianwedding credits bride, lasting indian bridal, indian bridal reception, easy indian wedding, indian wedding, indian bridal makeup, bengali bridal makeup, bridal makeup bengali, makeup bengali bridal, bengali bridal saree, bridal saree bengali, saree bengali bridal, ideas bengali bridal, indian bridal",60
67,finishing touches + touches + hand,13,8,1.7491797345797215,0.1345522872753632,0.2368215895882262,0.9194532169291243,1.3670518934644478,"finishing touches, touches, hand, finishing touch, touch","finishing touches, hand, finishing touch, touch, touches are essential, touches, touch management, finishing touches perfect",61
25,arabic + Ù„ÙˆÙ† Ø¹ÙŠÙˆÙ†Ùƒ #Ø§ÙƒØ³Ø¨Ù„ÙˆØ± + Ù‡Ø°Ø§ Ø§Ù„Ù„ÙˆÙƒ Ù„Ù„Ø¬Ù…ÙŠÙ„Ø©,36,5,10.120353190707949,0.2811209219641097,0.4031908678156223,0.964592855527466,1.3550504266503707,"arabic, Ù„ÙˆÙ† Ø¹ÙŠÙˆÙ†Ùƒ #Ø§ÙƒØ³Ø¨Ù„ÙˆØ±, Ù‡Ø°Ø§ Ø§Ù„Ù„ÙˆÙƒ Ù„Ù„Ø¬Ù…ÙŠÙ„Ø©, Ø§Ù„Ù„ÙˆÙƒ Ù„Ù„Ø¬Ù…ÙŠÙ„Ø© Ù…Ø§ÙŠØ§, Ù„Ù„Ø¬Ù…ÙŠÙ„Ø© Ù…Ø§ÙŠØ§ Ø§Ù„ØªÙŠ","arabic, Ù„ÙˆÙ† Ø¹ÙŠÙˆÙ†Ùƒ #Ø§ÙƒØ³Ø¨Ù„ÙˆØ±, Ø¹Ø§Ù„Ù… Ø§Ù„Ø¬Ù…Ø§Ù„ Ù†Ù‚Ø¯Ù…, Ø£Ø­Ø¯Ø« ØªÙ‚Ù†ÙŠØ§Øª Ø§Ù„Ù…ÙƒÙŠØ§Ø¬, ØªÙ‚Ù†ÙŠØ§Øª Ø§Ù„Ù…ÙƒÙŠØ§Ø¬ Ù†ØµØ§Ø¦Ø­, Ø§Ù„Ù…ÙƒÙŠØ§Ø¬ Ù†ØµØ§Ø¦Ø­ Ø§Ù„Ø¹Ù†Ø§ÙŠØ©, Ù†ØµØ§Ø¦Ø­ Ø§Ù„Ø¹Ù†Ø§ÙŠØ© Ø¨Ø§Ù„Ø¨Ø´Ø±Ø©, Ø§Ù„Ø¹Ù†Ø§ÙŠØ© Ø¨Ø§Ù„Ø¨Ø´Ø±Ø© ÙˆØªØ¬Ø§Ø±Ø¨, Ø¨Ø§Ù„Ø¨Ø´Ø±Ø© ÙˆØªØ¬Ø§Ø±Ø¨ Ø£ÙØ¶Ù„, ÙˆØªØ¬Ø§Ø±Ø¨ Ø£ÙØ¶Ù„ Ø§Ù„Ù…Ù†ØªØ¬Ø§Øª, Ø£ÙØ¶Ù„ Ø§Ù„Ù…Ù†ØªØ¬Ø§Øª Ù‡Ø¯ÙÙ†Ø§, ÙØ²Ø§Ø¯ Ø¬Ù…Ø§Ù„Ùƒ, Ø§Ù„Ø¬Ù…Ø§Ù„ Ø¬Ù…Ø§Ù„Ø§, Ø¬Ù…Ø§Ù„Ùƒ Ø¹Ù† Ø§Ù„Ø¬Ù…Ø§Ù„, ÙØ²Ø§Ø¯, Ø¬Ù…Ø§Ù„Ø§, Ø¬Ù…Ø§Ù„Ùƒ, Ø§Ù„Ø¬Ù…Ø§Ù„, Ø§Ø­Ù…Ø± Ø§Ù„Ø´ÙØ§Ù‡ Ù†Ø§Ø²Ùƒ, Ø§Ø¬Ù…Ù„ Ù‡Ø°Ø§ Ø§Ù„Ù„ÙˆÙƒ, Ù‡Ø°Ø§ Ø§Ù„Ù„ÙˆÙƒ Ù„Ù„Ø¬Ù…ÙŠÙ„Ø©, Ø§Ù„Ù„ÙˆÙƒ Ù„Ù„Ø¬Ù…ÙŠÙ„Ø© Ù…Ø§ÙŠØ§, Ù„Ù„Ø¬Ù…ÙŠÙ„Ø© Ù…Ø§ÙŠØ§ Ø§Ù„ØªÙŠ, Ù…Ø§ÙŠØ§ Ø§Ù„ØªÙŠ ØªØ§Ù„Ù‚Øª, Ø§Ù„ØªÙŠ ØªØ§Ù„Ù‚Øª Ø¨Ø§Ù„Ø§ÙŠÙ„Ø§ÙŠÙ†Ø±, Ø§Ù„Ø´ÙØ§Ù‡ Ù†Ø§Ø²Ùƒ, Ø§Ù„ÙƒÙŠØ±Ù„ÙŠ Ø§Ù†Ù‡ Ø·Ø¨ÙŠØ¹ÙŠ, Ø§Ù†Ù‡ Ø·Ø¨ÙŠØ¹ÙŠ ÙˆØ­Ù„Ùˆ, Ø·Ø¨ÙŠØ¹ÙŠ ÙˆØ­Ù„Ùˆ ÙˆÙ…Ø´, ÙˆØ­Ù„Ùˆ ÙˆÙ…Ø´ Ø¨ÙŠØ­ØªØ§Ø¬, Ù…Ø¬Ù‡ÙˆØ¯ ÙˆÙ„Ø§ Ø¹Ù†Ø§ÙŠØ©, ÙˆÙ„Ø§ Ø¹Ù†Ø§ÙŠØ© Ø§Ù„Ø´Ø¹Ø±, Ø£Ø­Ù„ÙŠ Ø­Ø§Ø¬Ø©, Ø­Ø§Ø¬Ø© ÙÙŠ Ø§Ù„ÙƒÙŠØ±Ù„ÙŠ, Ø§Ù„ÙƒÙŠØ±Ù„ÙŠ Ø§Ù†Ù‡, Ø§Ù†Ù‡ Ø·Ø¨ÙŠØ¹ÙŠ",62
90,makeupvideo + popular makeup video + makeup videos,8,8,1.444490948308344,0.180561368538543,0.3082686506770107,0.9762365621714475,1.3480280116639625,"makeupvideo, popular makeup video, makeup videos, makeuptutorial full video, youtube makeup","popular makeup video, makeup videos, makeupvideo, makeuptutorial full video, youtube makeup, makeupvideosforbiggners",63
117,usa + miami + nyc,10,8,1.1845720847022376,0.11845720847022376,0.1720471116612805,0.9230149132394754,1.3388195034032873,"usa, miami, nyc, south africa, south","nyc, south africa, south, africa, usa, miami, germany, worldwide",64
84,wedding + wedding guest + guests feminine women,10,7,2.0007277349258232,0.20007277349258232,0.3928646762625399,0.9510612725491627,1.3218002305093788,"wedding, wedding guest, guests feminine women, wedding guests feminine, stylish wedding guest","wedding, wedding guest, guests feminine women, wedding guests feminine, stylish wedding guest",65
127,hair colour highlights + colour highlights hair + highlights hair colour,12,7,1.1947417291543974,0.09956181076286645,0.1584608071551246,0.9817514632872144,1.3144903883043908,"hair colour highlights, colour highlights hair, highlights hair colour, hair highlight highlight, hair highlight","hair colour highlights, colour highlights hair, highlights hair colour, hair highlight highlight, hair highlight, hair color highlights, hair colour highlightening, purple highlights hair, highlights hair color, highlights hair, hair highlighting",66
60,mature skin + maintain youthful skin + taking mature skin,9,7,1.3509947915886782,0.15011053239874203,0.3390976257943077,0.9815027953473514,1.3033688447604317,"mature skin, maintain youthful skin, taking mature skin, anti aging skincare, aging skincare","maintain youthful skin, taking mature skin, anti aging skincare, aging skincare, winter skin care, mature skin save, mature skin, mature skin anti",67
19,smoothing + smooth + smoothingtreatment,9,7,1.5597307796682134,0.1733034199631348,0.2041708445154529,0.9230770290723095,1.2986415577747414,"smoothing, smooth, smoothingtreatment, achieve a smooth, smooth and natural","smoothing, smoothingtreatment, smooth, achieve a smooth, smooth and natural",68
132,beautiful hair + gorgeous hairstyle + beautiful hair style,9,7,1.1948168840399556,0.13275743155999506,0.2016197215789259,0.9818109277619782,1.298224540991733,"beautiful hair, gorgeous hairstyle, beautiful hair style, amazing hair, gorgeous hair","amazing hair, gorgeous hairstyle, beautiful hair style, beautiful hair, gorgeous hair",69
71,color transformation + colour transformation + colourtransformation,9,7,1.2372406079011204,0.13747117865568004,0.1778993733908832,0.9526283648625969,1.2938021525405623,"color transformation, colour transformation, colourtransformation, color transformation sahil, dye transformation","colourtransformation, color transformation sahil, color transformation, dye transformation, colour transformation, colour transformation black",70
81,anti aging facial + anti aging face + aging facial,15,6,1.948001230594561,0.12986674870630407,0.2981174853999739,0.9878422718767709,1.2921514108333487,"anti aging facial, anti aging face, aging facial, aging facial technique, aging facial yoga","anti aging facial, anti aging face, aging facial technique, aging facial, aging facial yoga, face anti aging, aging face, aging facial exercise",71
63,business inquiry email + channel business inquiries + business inquiries product,9,6,2.196335860503116,0.24403731783367955,0.412489539093656,0.9975257732760058,1.281338918926835,"business inquiry email, channel business inquiries, business inquiries product, business inquiries supereasyofficial, business inquiries emailreneetoday","business inquiry email, channel business inquiries, business inquiries product, business inquiries supereasyofficial, business inquiries emailreneetoday, theyawndawn business inquiries, business inquiries theyawndawn, business email spillbeebusiness, spillbee business email",72
102,beauty salon + royal beauty salon + liza beauty salon,11,6,1.7261042829830573,0.15691857118027794,0.1778418047560728,0.9880624888870373,1.2715427937324162,"beauty salon, royal beauty salon, liza beauty salon, leading beauty salon, joyaz beauty salon","royal beauty salon, beauty salon, liza beauty salon, leading beauty salon, joyaz beauty salon, beauty salon joyaz, salon joyaz beauty, noor beauty salon",73
10,gel + lime gel + favorite gels,11,6,1.575693196769654,0.14324483606996855,0.2021565958267224,0.9462315748553631,1.2590744903929887,"gel, lime gel, favorite gels, gels, styling gel update","gel, lime gel, favorite gels, gels, styling gel update, moisture styling gel, gel update, styling gel, defining crÃ¨me gel, crÃ¨me gel photo",74
120,summer + hot girl summer + girl summer aint,9,6,1.611871622509244,0.17909684694547157,0.31875687305044,0.9678286521367032,1.2559173534325119,"summer, hot girl summer, girl summer aint, girl summer honestly, girl summer","summer, hot girl summer, girl summer aint, girl summer honestly, girl summer",75
23,ğğ®ğ¬ğ¢ğ§ğğ¬ğ¬ ğ¢ğ§ğªğ®ğ¢ğ«ğ¢ğğ¬ nikiivictoria + à¶‘à¶šà¶§ à¶šà¶»à¶´ + ğ—¦ğ—¢ğ—•ğ—¥ğ—˜ ğ—§ğ—¢ğ—§ğ—”ğ—Ÿğ— ğ—˜ğ——ğ—œğ—¢ğ—¦ totalmedios,16,5,2.758086969565049,0.17238043559781557,0.2799299867401723,0.9976464243909706,1.2512685376543824,"ğğ®ğ¬ğ¢ğ§ğğ¬ğ¬ ğ¢ğ§ğªğ®ğ¢ğ«ğ¢ğğ¬ nikiivictoria, à¶‘à¶šà¶§ à¶šà¶»à¶´, ğ—¦ğ—¢ğ—•ğ—¥ğ—˜ ğ—§ğ—¢ğ—§ğ—”ğ—Ÿğ— ğ—˜ğ——ğ—œğ—¢ğ—¦ totalmedios, medios ğ—¦ğ—¢ğ—•ğ—¥ğ—˜ ğ—§ğ—¢ğ—§ğ—”ğ—Ÿğ— ğ—˜ğ——ğ—œğ—¢ğ—¦, totalmedios ğ™‹ğ™–ğ™§ğ™– ğ™«ğ™šğ™§","ğğ®ğ¬ğ¢ğ§ğğ¬ğ¬ ğ¢ğ§ğªğ®ğ¢ğ«ğ¢ğğ¬ nikiivictoria, à¶‘à¶šà¶§ à¶šà¶»à¶´, ğ—¦ğ—¢ğ—•ğ—¥ğ—˜ ğ—§ğ—¢ğ—§ğ—”ğ—Ÿğ— ğ—˜ğ——ğ—œğ—¢ğ—¦ totalmedios, medios ğ—¦ğ—¢ğ—•ğ—¥ğ—˜ ğ—§ğ—¢ğ—§ğ—”ğ—Ÿğ— ğ—˜ğ——ğ—œğ—¢ğ—¦, totalmedios ğ™‹ğ™–ğ™§ğ™– ğ™«ğ™šğ™§, ï½Œï½‰ï½‹ï½… ï½ƒï½ï½ï½ï½…ï½ï½” ï½“ï½ˆï½ï½’ï½…, ï½ƒï½ï½ï½ï½…ï½ï½” ï½“ï½ˆï½ï½’ï½… ï½“ï½•ï½‚ï½“ï½ƒï½’ï½‰ï½‚ï½…, ğ™»ğ™´ğ™³ğ™° ğ™µğ™°ğš‰ğ™°ğ™» ğ—™ğ—®ğ—°ğ—²ğ—¯ğ—¼ğ—¼ğ—¸, ğ‹ğ„ğƒğ€ ğ…ğ€ğ™ğ€ğ‹ ğ—™ğ—¢ğ—¥, ğ—§ğ—œğ—£ğ—¦ ğ™µğ™¾ğ™»ğ™»ğ™¾ğš† ğ™»ğ™´ğ™³ğ™°, ğ™µğ™¾ğ™»ğ™»ğ™¾ğš† ğ™»ğ™´ğ™³ğ™° ğ™µğ™°ğš‰ğ™°ğ™», ğ…ğ€ğ™ğ€ğ‹ ğ—™ğ—¢ğ—¥ ğ— ğ—¢ğ—¥ğ—˜, ğ—™ğ—¢ğ—¥ ğ— ğ—¢ğ—¥ğ—˜ ğ—§ğ—œğ—£ğ—¦, ğ— ğ—¢ğ—¥ğ—˜ ğ—§ğ—œğ—£ğ—¦ ğ™µğ™¾ğ™»ğ™»ğ™¾ğš†, ğ—§ğ—¢ğ—¡ğ—˜ ğ—›ğ—”ğ—œğ—¥ ğ—¦ğ—”ğ—Ÿğ—¢ğ—¡, ğ— ğ—¢ğ—¥ğ—˜ ğ—›ğ—”ğ—œğ—¥ ğ—£ğ—¥ğ—¢ğ——ğ—¨ğ—–ğ—§ğ—¦",76
105,huda beauty lip + fae beauty lip + beauty lip,7,6,1.5344609051623412,0.2192087007374773,0.412489539093656,0.9769917375764805,1.2474691715266482,"huda beauty lip, fae beauty lip, beauty lip, rarebeauty lip, pradabeauty lip","fae beauty lip, beauty lip, rarebeauty lip, huda beauty lip, pradabeauty lip, sacheu beauty lip",77
101,mask makeup + inspired mask makeup + simple mask makeup,7,6,1.4962361475409978,0.21374802107728538,0.267929502029308,0.9757859177256434,1.2455898036584232,"mask makeup, inspired mask makeup, simple mask makeup, face mask makeup, faced makeup","simple mask makeup, face mask makeup, mask makeup, inspired mask makeup, faced makeup",78
3,spray + glitter setting spray + size glitter setting,14,5,2.7849838625321945,0.1989274187522996,0.240219431818614,0.9499859961471359,1.23718423265656,"spray, glitter setting spray, size glitter setting, setting spray, glitter skin","glitter setting spray, size glitter setting, setting spray, glitter skin, size glitter, glitter setting, spray, glitter, flawless setting spray, seal it spray, glittery, glittereyes, spray product",79
118,braids + braided ponytail + men braid styles,15,5,2.219818318493174,0.14798788789954495,0.1948581085802317,0.9787760938506179,1.2341142450551872,"braids, braided ponytail, men braid styles, men braid, braid styles","braids, braided ponytail, men braid styles, men braid, braid styles, hairstyles braid hairstyles, braids hairstyles braid, men braids hairstyles, braided hairstyles braids, braids hairstyles african, women men braids, undercut braided hairstyles, braids styles braid, braidshairstyles",80
70,celebrity + celeb + celebrities,8,6,1.4231312026141403,0.17789140032676753,0.3983493083025631,0.893677161309926,1.2301893697157626,"celebrity, celeb, celebrities, successful celebrity, celebrity learn","celebrity, celeb, celebrities, successful celebrity, celebrity learn",81
22,tan mousse + tan mousse shop + tan mousse danielle,13,5,2.19553546438784,0.16888734341444925,0.2022112649261982,0.9734067099051218,1.2259570656581071,"tan mousse, tan mousse shop, tan mousse danielle, fake tanning tips, tanning tips","tan mousse shop, tan mousse danielle, tan mousse, fake tanning tips, tanning tips, fake tanning, tanning drops nice, fake tan mousse, fake tan, tanologist self tan, dark self tan",82
36,smokey eye + golden eye + eyemask,7,6,0.9747234508315853,0.13924620726165504,0.2275454647540009,0.9674169144850663,1.2215654588656188,"smokey eye, golden eye, eyemask, eyes hollow eyes, doublechin puffy eyes","smokey eye, golden eye, eyemask, eyes hollow eyes, doublechin puffy eyes, eyes smile lines, eyes speak",83
75,facial + facial shape + placement for face,9,5,2.403417819775098,0.26704642441945536,0.3616898783852128,0.9478360397598333,1.2166434322684299,"facial, facial shape, placement for face, shape face shape, youe face shapes","facial, facial shape, placement for face, shape face shape, youe face shapes, face face shapes, face shape face",84
49,outfit breakdown skirt + lace front quot + satin printed dress,8,5,2.046736680153508,0.2558420850191885,0.3742403798385538,0.9698966900717075,1.207158208944942,"outfit breakdown skirt, lace front quot, satin printed dress, printed dress, black lace dress","outfit breakdown skirt, lace front quot, satin printed dress, printed dress, black lace dress, black lace, lace dress, top dresses",85
88,sharma + fiza khan swiss + khan minal khan,11,5,1.7562088491995516,0.15965534992723196,0.4318310133231537,0.9607413080971022,1.205239319267612,"sharma, fiza khan swiss, khan minal khan, aiman khan minal, jÃ i shree krishna","sharma, fiza khan swiss, khan minal khan, aiman khan minal, jÃ i shree krishna, shree krishna, jÃ i shree, krishna, raaz ayeza khan, ayeza khan beauty, ayeza khan",86
85,sajghar antara banerjee + xoxo sandhya raj + sandhya raj,6,5,1.6680137110275006,0.2780022851712501,0.4316743510990746,0.9911453532094409,1.1929245587900166,"sajghar antara banerjee, xoxo sandhya raj, sandhya raj, shraddha kapoor, raja rani","xoxo sandhya raj, sandhya raj, sajghar antara banerjee, shraddha kapoor, raja rani",87
72,keratin + vegan keratin treatment + keratin treatment,11,5,1.3673158179752631,0.12430143799775119,0.1832011987453675,0.9507821212538541,1.1926413083201182,"keratin, vegan keratin treatment, keratin treatment, vegan keratin, highlights kerasmooth keratin","keratin, vegan keratin treatment, keratin treatment, vegan keratin, highlights kerasmooth keratin, kerasmooth highlights kerasmooth, kerasmooth keratin, kerasmooth highlights, highlights kerasmooth, highlights keratin treatment",88
64,facelift + face lifted skin + face lifted,9,5,1.4156577169019284,0.15729530187799204,0.2396822913286286,0.9817738784036614,1.1905056632347564,"facelift, face lifted skin, face lifted, advance face lifting, face lifting firming","face lifted skin, face lifted, advance face lifting, face lifting firming, faceexercise, face lifting, facelift, face lift",89
13,brightening + brightening fade dark + fade dark spots,13,5,1.1848884147983196,0.09114526267679382,0.2015895618238778,0.9123654836161138,1.1904261961790088,"brightening, brightening fade dark, fade dark spots, spots and hyperpigmentation, key to brightening","brightening, brightening fade dark, fade dark spots, spots and hyperpigmentation, key to brightening, brightening fade, fade dark, micropigmentacao, body brightening, brightening tips, fade",90
77,facial massages + massages + massage massage technique,13,4,1.8681004687333331,0.14370003605641024,0.2063022275535618,0.9780648942145912,1.1464038875950076,"facial massages, massages, massage massage technique, massage technique shown, massage techniques including","facial massages, massages, massage massage technique, massage technique shown, massage techniques including, face massage techniques, facial massage anti, talking facial massage, facial massage techniques, facial massage, face massage steps, face massage, massage steps",91
109,lip fillers + lip oil + lip jelly oil,6,5,0.795896902151529,0.1326494836919215,0.2466989997481382,0.9613188270329021,1.1433534131109102,"lip fillers, lip oil, lip jelly oil, lipliner, fav lip products","lip fillers, lip oil, lip jelly oil, lipliner, fav lip products, lip products",92
35,bodymist + bodyoil + bodyserum,6,5,0.8165455138115634,0.1360909189685939,0.1796074958499516,0.9373899277224672,1.1396000638318249,"bodymist, bodyoil, bodyserum, body cupid, bodyscrub","bodyoil, bodyserum, body cupid, bodymist, bodyscrub",93
31,blowout + flexstyle blowout + heatless blowout,11,4,2.242069533342547,0.20382450303114064,0.2503538517758269,0.8842571906672351,1.1302646189952295,"blowout, flexstyle blowout, heatless blowout, blowout reveal, reset my blow","flexstyle blowout, blowout, heatless blowout, blowout reveal, reset my blow, blow from yesterday, blow, blowout routine, perfected my blowout",94
51,kurta set + kurta set haul + summer kurta set,11,4,1.469863461458314,0.1336239510416649,0.3718818097682496,0.9891673279461822,1.1301864808541762,"kurta set, kurta set haul, summer kurta set, kurta set kurtasetshaul, printed kurta set","kurta set, summer kurta set, kurta set kurtasetshaul, printed kurta set, kurta set haul, flipkart kurta set, myntra kurta set, style myntra kurta, myntra kurta",95
125,years of age + season + age,5,5,0.7990341837505359,0.15980683675010718,0.2148216769612692,0.8856662162493778,1.1209550288889352,"years of age, season, age, year, week","years of age, season, age, year, week",96
104,nensi beauty + dior beauty forever + dior beauty diorshow,8,4,1.5066410965900803,0.18833013707376003,0.2661814131640666,0.988912702327462,1.1177792042948824,"nensi beauty, dior beauty forever, dior beauty diorshow, dior beauty dior, beauty dior forever","nensi beauty, dior beauty forever, dior beauty diorshow, dior beauty dior, beauty dior forever, ori beauty, amreenafaiz noor beauty, noor beauty",97
9,lululemon define jacket + lululemon + silk press season,9,4,1.3267855425711996,0.1474206158412444,0.1799859229104181,0.9353244925313327,1.1053247575316845,"lululemon define jacket, lululemon, silk press season, waiting for silk, silk press","lululemon define jacket, lululemon, silk press season, waiting for silk, silk press, silk, silkpress, armanibeauty luminous silk, luminous silk",98
79,charlotte tilbury inspired + charlotte tilbury magic + charlotte tilbury matte,7,4,1.0702453493367874,0.1528921927623982,0.2831491357497503,0.9968039241270862,1.0969477617957606,"charlotte tilbury inspired, charlotte tilbury magic, charlotte tilbury matte, things charlotte tilbury, essentials charlotte tilbury","charlotte tilbury inspired, charlotte tilbury magic, charlotte tilbury matte, things charlotte tilbury, essentials charlotte tilbury, charlotte tilbury review, code charlotte tilbury",99
6,double cleansing achieve + deep cleanse + double cleansing,9,4,1.380262677219432,0.153362519691048,0.2052950906388215,0.8803947555757099,1.096121381295501,"double cleansing achieve, deep cleanse, double cleansing, cleansing achieve, cleanse","double cleansing achieve, deep cleanse, double cleansing, cleansing achieve, cleanse, cleansing, hygiene, enzym scrub, cleanest",100
26,beard amp hairs + long hair amp + hair amp beautiful,8,4,0.8635040119172169,0.10793800148965212,0.1412986837190205,0.9694961776444625,1.0897782586830504,"beard amp hairs, long hair amp, hair amp beautiful, hair amp, hair cut amp","beard amp hairs, long hair amp, hair amp beautiful, hair amp, hair cut amp, cut amp hair, amp hair, hair hacks amp",101
5,hydrated + key to hydrated + hydrating,8,4,0.9003914621547467,0.11254893276934334,0.2062617087481561,0.9395371663903662,1.0851697358161383,"hydrated, key to hydrated, hydrating, hydration celebration body, holiday set hydration","hydrated, key to hydrated, hydrating, hydration celebration body, holiday set hydration, set hydration celebration, hydration celebration",102
87,lifted longer + lifted + lift,7,4,1.2065260409595127,0.1723608629942161,0.2097968269129096,0.8858693158590415,1.0806014412116969,"lifted longer, lifted, lift, uplift, perfectly lifted check","lifted longer, lifted, lift, uplift, perfectly lifted check, perfectly lifted, lifted check",103
135,money hairstyles men + style men hairstyle + men hairstyles,6,4,0.7414411726034855,0.12357352876724759,0.1773008848281244,0.9962513912085694,1.0746885167510598,"money hairstyles men, style men hairstyle, men hairstyles, hairstyles for men, hairstyles african men","money hairstyles men, style men hairstyle, men hairstyles, hairstyles for men, hairstyles african men, mens hairstyle",104
8,style liquid leggings + liquid leggings sat + leggings work leggings,9,3,2.5840961403830125,0.2871217933758903,0.3683001103628202,0.9974514034596975,1.0704030724520675,"style liquid leggings, liquid leggings sat, leggings work leggings, liquid leggings, top html utm","style liquid leggings, liquid leggings sat, leggings work leggings, liquid leggings, top html utm, sweatshirt html utm, joggers html utm, bag html utm, source gmb utm",105
47,chauth makeup hair + makeup at hairgenix + hair makeup,5,4,0.5538671900029091,0.11077343800058181,0.1503444934155003,0.986223665984064,1.053427876493433,"chauth makeup hair, makeup at hairgenix, hair makeup, hair makeup tips, day hair makeup","chauth makeup hair, makeup at hairgenix, hair makeup, hair makeup tips, day hair makeup",106
30,face wash + kahf face wash + face wash sabun,6,3,1.7484547998482507,0.2914091333080418,0.47726131233061,0.9600353684069871,1.0285385730272976,"face wash, kahf face wash, face wash sabun, rice face wash, rice face","kahf face wash, face wash sabun, face wash, rice face wash, rice face",107
32,easy nail art + super easy nail + easy nail,5,3,1.1290899209944496,0.22581798419888993,0.3082686506770107,0.9699538964378472,0.9954298659179981,"easy nail art, super easy nail, easy nail, key to nail, nail","easy nail art, super easy nail, easy nail, key to nail, nail",108
66,confidence + instant confidence boost + confidence boost don,6,3,1.1450394942938535,0.19083991571564227,0.2119428633956435,0.9281167923439041,0.9919840925369611,"confidence, instant confidence boost, confidence boost don, instant confidence, confidence boost","instant confidence boost, confidence boost don, instant confidence, confidence boost, confidence",109
33,fabulous forever + fabulous forever join + fabulous forever witness,6,3,0.7046144442625405,0.11743574071042341,0.2516259360856014,0.996497850400833,0.9836390516467812,"fabulous forever, fabulous forever join, fabulous forever witness, fabulous forever sue, fabulous forever create","fabulous forever join, fabulous forever, fabulous forever witness, fabulous forever sue, fabulous forever create",110
93,corrector mrunmayee wankhade + mrunmayee wankhade + corrector mrunmayee,6,3,0.8374287548219898,0.13957145913699828,0.1557840624638089,0.9366465614455728,0.9783095093837015,"corrector mrunmayee wankhade, mrunmayee wankhade, corrector mrunmayee, wankhade, rakhisawant","corrector mrunmayee wankhade, mrunmayee wankhade, corrector mrunmayee, wankhade, rakhisawant, minyakrambut",111
69,dÃ­as usando + usando la cinturilla + voga della prossima,7,2,2.9710308855941707,0.4244329836563101,0.4590960247615752,0.9781263818254483,0.9703442410972101,"dÃ­as usando, usando la cinturilla, voga della prossima, della prossima collezione, della prossima","dÃ­as usando, usando la cinturilla, voga della prossima, della prossima collezione, della prossima, prossima collezione, collezione vi piace",112
24,Ğ¿Ğ°Ñ€Ñ„ÑĞ¼ + Ñ‚ĞµĞ±Ñ Ğ¿Ğ¾Ğ»ÑĞ±ÑÑ‚ Ğ²ÑĞµ + Ñ„ĞµÑ€Ğ¾Ğ¼Ğ¾Ğ½Ğ°Ğ¼Ğ¸ Ñ‚ĞµĞ±Ñ Ğ¿Ğ¾Ğ»ÑĞ±ÑÑ‚,17,2,2.188889070217254,0.12875818060101493,0.1583359903567073,0.9698560284535581,0.9610807511278765,"Ğ¿Ğ°Ñ€Ñ„ÑĞ¼, Ñ‚ĞµĞ±Ñ Ğ¿Ğ¾Ğ»ÑĞ±ÑÑ‚ Ğ²ÑĞµ, Ñ„ĞµÑ€Ğ¾Ğ¼Ğ¾Ğ½Ğ°Ğ¼Ğ¸ Ñ‚ĞµĞ±Ñ Ğ¿Ğ¾Ğ»ÑĞ±ÑÑ‚, Ğ¿Ğ¾Ğ»ÑĞ±ÑÑ‚ Ğ²ÑĞµ, Ñ„ĞµÑ€Ğ¾Ğ¼Ğ¾Ğ½Ğ°Ğ¼Ğ¸ Ñ‚ĞµĞ±Ñ","Ñ‚ĞµĞ±Ñ Ğ¿Ğ¾Ğ»ÑĞ±ÑÑ‚ Ğ²ÑĞµ, Ñ„ĞµÑ€Ğ¾Ğ¼Ğ¾Ğ½Ğ°Ğ¼Ğ¸ Ñ‚ĞµĞ±Ñ Ğ¿Ğ¾Ğ»ÑĞ±ÑÑ‚, Ğ¿Ğ¾Ğ»ÑĞ±ÑÑ‚ Ğ²ÑĞµ, Ñ„ĞµÑ€Ğ¾Ğ¼Ğ¾Ğ½Ğ°Ğ¼Ğ¸ Ñ‚ĞµĞ±Ñ, Ñ‚ĞµĞ±Ñ Ğ¿Ğ¾Ğ»ÑĞ±ÑÑ‚, ÑĞ¹Ğ²Ğ¾Ğ½, Ğ¿Ğ°Ñ€Ñ„ÑĞ¼, Ñ„ĞµÑ€Ğ¾Ğ¼Ğ¾Ğ½, Ğ±ÑĞ´Ğ¶ĞµÑ‚Ğ½Ñ‹Ğµ Ğ¿Ğ°Ñ€Ñ„ÑĞ¼Ñ‹ Ğ·Ğ²ĞµĞ·Ğ´, Ğ¿Ğ¾Ğ»Ğ¾ Ñ€Ğ°Ğ»ÑŒÑ„ Ğ»Ğ¾Ñ€ĞµĞ½, ĞºĞµĞ¹ ÑƒĞ°Ğ½ Ğ³ÑƒÑ‡Ñ‡Ğ¸, ÑƒĞ°Ğ½ Ğ³ÑƒÑ‡Ñ‡Ğ¸ Ğ³Ğ¸Ğ»Ñ‚Ğ¸, Ñ€Ğ¾ÑƒĞ· Ğ²Ğ¾Ñ€ĞºÑˆĞ¾Ğ¿ Ğ·ĞµĞ»ĞµĞ½Ğ¾Ğµ, Ğ²Ğ¾Ñ€ĞºÑˆĞ¾Ğ¿ Ğ·ĞµĞ»ĞµĞ½Ğ¾Ğµ ÑĞ±Ğ»Ğ¾ĞºĞ¾, Ğ·ĞµĞ»ĞµĞ½Ğ¾Ğµ ÑĞ±Ğ»Ğ¾ĞºĞ¾ Ğ¿Ğ¾Ğ»Ğ¾, ÑĞ±Ğ»Ğ¾ĞºĞ¾ Ğ¿Ğ¾Ğ»Ğ¾ Ñ€Ğ°Ğ»ÑŒÑ„",113
27,simple amp glowing + fair amp glow + amp glow professional,5,3,0.5099534473554299,0.10199068947108599,0.1293101250638105,0.9721273178734077,0.958716361786769,"simple amp glowing, fair amp glow, amp glow professional, amp glow, simple amp glowy","simple amp glowing, fair amp glow, amp glow professional, amp glow, simple amp glowy",114
111,saree + saree meesho saree + meesho saree haul,5,2,1.9175103323797726,0.38350206647595453,0.4428324042655155,0.9538142970475747,0.9244343417423506,"saree, saree meesho saree, meesho saree haul, saree haul meesho, haul meesho saree","saree, saree meesho saree, meesho saree haul, saree haul meesho, haul meesho saree",115
68,priyankadiwate + tag jhanviibhatia feb + ref jhanviibhatia feb,5,2,1.7654180228065806,0.3530836045613161,0.4049429571335293,0.9810525565805248,0.9207564550745492,"priyankadiwate, tag jhanviibhatia feb, ref jhanviibhatia feb, jhanviibhatia feb, tag jhanviibhatia","priyankadiwate, tag jhanviibhatia feb, ref jhanviibhatia feb, jhanviibhatia feb, tag jhanviibhatia",116
1,microlight technology micro + ring light stand + light stand dls,6,2,1.359087171856614,0.226514528642769,0.2360671314380104,0.9988276819423555,0.9017558253540771,"microlight technology micro, ring light stand, light stand dls, feet ring light, led ring light","microlight technology micro, ring light stand, light stand dls, feet ring light, led ring light, inch professional led",117
34,sigma + sigma male wise + wise thinker sigma,8,2,0.9762954626937808,0.1220369328367226,0.1278395636755721,0.9867702033362207,0.8931324937191267,"sigma, sigma male wise, wise thinker sigma, male sigma male, sigma male sigma","sigma, sigma male wise, wise thinker sigma, male sigma male, sigma male sigma, thinker sigma male, sigma male high, man sigma male",118
131,blowout hair hmmm + straight blowout hair + heatless blowout hair,5,2,1.3184677982596393,0.26369355965192787,0.4326861571853605,0.9656370995444645,0.8908563501945206,"blowout hair hmmm, straight blowout hair, heatless blowout hair, blowout hair technique, blowout hair","blowout hair hmmm, straight blowout hair, heatless blowout hair, blowout hair technique, blowout hair",119
94,karwa chauth makeup + chauth makeup karwachauth + makeup karwa chauth,7,2,1.0130151624275365,0.14471645177536235,0.203806202733018,0.9993226622343879,0.8906685376147138,"karwa chauth makeup, chauth makeup karwachauth, makeup karwa chauth, karwachauth makeup karwachauth, makeup karwachauth makeup","karwa chauth makeup, chauth makeup karwachauth, makeup karwa chauth, karwachauth makeup karwachauth, makeup karwachauth makeup, karwachauth makeup karwa, traditional karwachauth makeup",120
0,body mist + cupid body mist + body mist collection,6,2,1.226579649374292,0.204429941562382,0.2168411644185972,0.9561369797085021,0.8865923087831902,"body mist, cupid body mist, body mist collection, mist collection, mist","cupid body mist, body mist, body mist collection, mist collection, mist",121
44,dyson + dyson air straight + air straight,6,2,1.1842890963914061,0.19738151606523435,0.2182435669772386,0.9631336396814859,0.8858771131286427,"dyson, dyson air straight, air straight, dyson air, dysonairstrait","dyson air straight, air straight, dyson air, dysonairstrait, dyson",122
43,nose + big nose girls + big african nose,5,2,1.2447710311689064,0.24895420623378128,0.3732500561277062,0.9463933199503554,0.8825857882502548,"nose, big nose girls, big african nose, big nose, african nose","nose, big nose girls, big african nose, big nose, african nose",123
58,cool toned skin + toned skin babes + neutral toned skin,6,2,0.9948692477351241,0.16581154128918735,0.1998970293250213,0.99061405887256,0.8819022045340433,"cool toned skin, toned skin babes, neutral toned skin, medium skin tone, skin tone","cool toned skin, toned skin babes, neutral toned skin, medium skin tone, skin tone, medium skin",124
78,forehead wrinkles + wrinkles + remove face wrinkles,7,2,0.8502038890863488,0.12145769844090697,0.1522504061353487,0.9827415122756665,0.8803746816226329,"forehead wrinkles, wrinkles, remove face wrinkles, face wrinkles remove, wrinkles remove face","forehead wrinkles, wrinkles, remove face wrinkles, face wrinkles remove, wrinkles remove face, anti wrinkle face, remove skin wrinkles",125
57,suno yha par + param sundari makeuplook + param sundari song,7,2,0.7484537440075408,0.10692196342964869,0.2545393166959618,0.9917049871830234,0.8778066561007267,"suno yha par, param sundari makeuplook, param sundari song, sundari song param, song param sundari","suno yha par, param sundari makeuplook, param sundari song, sundari song param, song param sundari, param sundari, sundari song",126
91,myglamm lipstick myglamm + favourite myglamm lipstick + myglamm lipstick review,5,2,0.8682049630462662,0.17364099260925323,0.1825054079214946,0.9994135290810051,0.8705958659890264,"myglamm lipstick myglamm, favourite myglamm lipstick, myglamm lipstick review, favourite lipstick myglamm, lipstick myglamm products","myglamm lipstick myglamm, favourite myglamm lipstick, myglamm lipstick review, favourite lipstick myglamm, lipstick myglamm products",127
56,ckd gua sha + gua sha neck + gua sha,5,2,0.9016468347146912,0.18032936694293825,0.1884568545808789,0.9888355903691185,0.8704867905467545,"ckd gua sha, gua sha neck, gua sha, gua sha daily, gua sha work","ckd gua sha, gua sha neck, gua sha, gua sha daily, gua sha work",128
95,contact the team + sale starts today + semi annual sale,5,2,0.7626103555756119,0.15252207111512237,0.1677581134581072,0.9834160889686931,0.8610607015183247,"contact the team, sale starts today, semi annual sale, annual sale starts, sale starts","contact the team, sale starts today, semi annual sale, annual sale starts, sale starts",129
4,lioness protecting cubs + cubs lioness protecting + protecting cubs lioness,10,1,2.7058682649970636,0.27058682649970633,0.2705868264997064,0.9999212195735778,0.7982086913684426,"lioness protecting cubs, cubs lioness protecting, protecting cubs lioness, cubs lioness playing, protecting cubs protecting","lioness protecting cubs, cubs lioness protecting, protecting cubs lioness, cubs lioness playing, protecting cubs protecting, lion lioness protecting, lion cubs playing, cubs playing lion, cubs lioness defends, lioness defends cubs",130
74,makeup eid makeup + eid makeup eid + foundation eid makeup,5,1,1.4491091192180725,0.2898218238436145,0.2898218238436145,0.9998355683588587,0.7433484799716397,"makeup eid makeup, eid makeup eid, foundation eid makeup, eid makeup makeup, eid makeup","makeup eid makeup, eid makeup eid, foundation eid makeup, eid makeup makeup, eid makeup",131
16,stay low maintenance + high maintenance routine + low maintenance high,7,1,1.163706592939793,0.166243798991399,0.166243798991399,0.9998621297146865,0.7350485920323186,"stay low maintenance, high maintenance routine, low maintenance high, maintenance high maintenance, maintenance routine high","stay low maintenance, high maintenance routine, low maintenance high, maintenance high maintenance, maintenance routine high, routine high maintenance, maintenance routine maintenance",132
7,miss rose pen + primer miss rose + concealer miss rose,7,1,1.1083712651561095,0.1583387521651585,0.1583387521651585,0.9991096398405396,0.7325265800096172,"miss rose pen, primer miss rose, concealer miss rose, kit miss rose, liner miss rose","miss rose pen, primer miss rose, concealer miss rose, kit miss rose, liner miss rose, miss rose concealer, miss rose eye",133
45,ytfip anubhamishra nov + ref ytfip anubhamishra + tag anubhamishra nov,7,1,1.0938611922460963,0.1562658846065852,0.1562658846065852,0.9999483646852838,0.7320724647109941,"ytfip anubhamishra nov, ref ytfip anubhamishra, tag anubhamishra nov, anubhamishra nov, anubhamishra tag anubhamishra","ytfip anubhamishra nov, ref ytfip anubhamishra, tag anubhamishra nov, anubhamishra nov, anubhamishra tag anubhamishra, ytfip anubhamishra, shop anubhamishra tag",134
52,phyllia serum kecantikan + serum kecantikan phyllia + kecantikan phyllia serum,7,1,1.129596602237231,0.1613709431767473,0.1613709431767473,0.9695877288080462,0.7275318551065951,"phyllia serum kecantikan, serum kecantikan phyllia, kecantikan phyllia serum, phyllia serum, serum kecantikan","phyllia serum kecantikan, serum kecantikan phyllia, kecantikan phyllia serum, phyllia serum, serum kecantikan, kecantikan phyllia, kecantikan",135
11,fyp antiperspirant darkunderarms + whitening underarms sugaring + antiperspirant darkunderarms underarms,5,1,1.009609043104474,0.2019218086208948,0.2019218086208948,0.9922852898172,0.715468419696492,"fyp antiperspirant darkunderarms, whitening underarms sugaring, antiperspirant darkunderarms underarms, darkunderarms underarms whitening, underarms whitening underarms","fyp antiperspirant darkunderarms, whitening underarms sugaring, antiperspirant darkunderarms underarms, darkunderarms underarms whitening, underarms whitening underarms",136
98,feet sexy feet + find feet sexy + feet pretty feet,7,1,0.6870090240965931,0.0981441462995133,0.0981441462995133,0.9999522556186188,0.7146367214055395,"feet sexy feet, find feet sexy, feet pretty feet, sexy feet women, sexy feet sexy","feet sexy feet, find feet sexy, feet pretty feet, sexy feet women, sexy feet sexy, sexy feet, feet sexy regular",137
18,artist pooja goel + products pooja goel + pooja goel recreates,5,1,0.706222424163832,0.1412444848327664,0.1412444848327664,0.9997970028498437,0.6987675651665822,"artist pooja goel, products pooja goel, pooja goel recreates, pooja goel founder, base pooja goel","artist pooja goel, products pooja goel, pooja goel recreates, pooja goel founder, base pooja goel",138
59,triclone skin tech + beautiful skin triclone + skin triclone skin,5,1,0.6614134764631785,0.1322826952926357,0.1322826952926357,0.9832105789064578,0.6927617435158658,"triclone skin tech, beautiful skin triclone, skin triclone skin, skin triclone, triclone skin","triclone skin tech, beautiful skin triclone, skin triclone skin, skin triclone, triclone skin",139
62,ein geheimtipp fÃ¼r + geheimtipp fÃ¼r alle + ein geheimtipp,6,1,0.5100154823618898,0.08500258039364829,0.0850025803936483,0.9163756263849462,0.6806257865245932,"ein geheimtipp fÃ¼r, geheimtipp fÃ¼r alle, ein geheimtipp, geheimtipp fÃ¼r, fÃ¼r alle","ein geheimtipp fÃ¼r, geheimtipp fÃ¼r alle, ein geheimtipp, geheimtipp fÃ¼r, fÃ¼r alle, geheimtipp",140
